{
  "features": [
    "cv_region_count",
    "cv_largest_region_area_ratio",
    "cv_subject_centroid_x",
    "cv_subject_centroid_y",
    "cv_rule_of_thirds_offset",
    "cv_symmetry_score",
    "cv_symmetry_score_fuzzy_global",
    "cv_edge_density",
    "cv_negative_space_ratio"
  ],
  "genres": {
    "renaissance": {
      "mean": [
        16.04,
        0.275923,
        0.482878,
        0.523486,
        0.155472,
        0.776564,
        0.589894,
        0.143386,
        0.48184
      ],
      "scale": [
        6.595332,
        0.181278,
        0.071192,
        0.09458,
        0.036833,
        0.064377,
        0.110941,
        0.059882,
        0.19917
      ],
      "coef": [
        -0.176858,
        0.642448,
        -0.215536,
        -0.069633,
        0.127674,
        -1.671155,
        -1.971215,
        -0.683974,
        0.899078
      ],
      "intercept": -0.391569,
      "cv_accuracy": 0.85,
      "n_train": 200,
      "genre_detection_precision": 0.818
    },
    "ukiyo_e": {
      "mean": [
        17.11,
        0.266628,
        0.518866,
        0.486868,
        0.14598,
        0.794713,
        0.620825,
        0.148788,
        0.496668
      ],
      "scale": [
        6.71773,
        0.174345,
        0.095875,
        0.100281,
        0.044555,
        0.04955,
        0.089343,
        0.045811,
        0.200972
      ],
      "coef": [
        0.0746,
        0.326441,
        0.002048,
        0.039252,
        -0.166373,
        0.677872,
        -2.156372,
        -1.193526,
        0.62394
      ],
      "intercept": -0.000323,
      "cv_accuracy": 0.755,
      "n_train": 200,
      "genre_detection_precision": 1.0
    },
    "romanticism": {
      "mean": [
        13.375,
        0.228972,
        0.497044,
        0.58367,
        0.132856,
        0.783197,
        0.627867,
        0.11246,
        0.614238
      ],
      "scale": [
        6.032775,
        0.144298,
        0.098005,
        0.121421,
        0.047933,
        0.051612,
        0.092329,
        0.055647,
        0.174449
      ],
      "coef": [
        0.270109,
        -0.368226,
        0.105602,
        0.591477,
        -0.168174,
        0.101633,
        -2.320565,
        -2.010993,
        0.01587
      ],
      "intercept": -0.140149,
      "cv_accuracy": 0.805,
      "n_train": 200,
      "genre_detection_precision": 0.737
    },
    "impressionism": {
      "mean": [
        23.755,
        0.300375,
        0.491704,
        0.518151,
        0.15129,
        0.813294,
        0.640973,
        0.165204,
        0.43271
      ],
      "scale": [
        10.07199,
        0.179529,
        0.072732,
        0.114259,
        0.041575,
        0.042954,
        0.090029,
        0.072157,
        0.207843
      ],
      "coef": [
        1.469078,
        -0.360559,
        -0.506544,
        -0.269702,
        -0.285759,
        0.169007,
        -1.297439,
        1.434632,
        -0.669645
      ],
      "intercept": -0.714761,
      "cv_accuracy": 0.905,
      "n_train": 200,
      "genre_detection_precision": 0.42
    },
    "art_nouveau": {
      "mean": [
        15.7,
        0.331798,
        0.498158,
        0.482255,
        0.157321,
        0.802786,
        0.615625,
        0.154484,
        0.448621
      ],
      "scale": [
        6.729042,
        0.230117,
        0.069088,
        0.121365,
        0.044252,
        0.045474,
        0.083048,
        0.053225,
        0.241322
      ],
      "coef": [
        0.287281,
        0.151035,
        0.468276,
        -1.108527,
        -0.208026,
        1.562447,
        -1.804217,
        -0.066723,
        -0.671992
      ],
      "intercept": -0.070092,
      "cv_accuracy": 0.75,
      "n_train": 200,
      "genre_detection_precision": 0.88
    },
    "baroque": {
      "mean": [
        12.44,
        0.273767,
        0.492696,
        0.588692,
        0.144492,
        0.799656,
        0.661047,
        0.094338,
        0.550642
      ],
      "scale": [
        5.782422,
        0.170556,
        0.073495,
        0.095662,
        0.041844,
        0.054109,
        0.111299,
        0.041443,
        0.186223
      ],
      "coef": [
        -0.862926,
        -0.486072,
        0.255249,
        -0.05235,
        -0.432673,
        0.754986,
        -3.546936,
        -0.651582,
        -0.058027
      ],
      "intercept": -0.163462,
      "cv_accuracy": 0.88,
      "n_train": 200,
      "genre_detection_precision": 0.719
    },
    "surrealism": {
      "mean": [
        13.255,
        0.201568,
        0.500886,
        0.500224,
        0.146089,
        0.829284,
        0.680287,
        0.070288,
        0.619843
      ],
      "scale": [
        5.666566,
        0.159291,
        0.090961,
        0.118321,
        0.045237,
        0.046912,
        0.09487,
        0.059191,
        0.197613
      ],
      "coef": [
        0.874447,
        0.137018,
        -0.482881,
        -0.177942,
        0.074523,
        -0.15621,
        -1.359873,
        -4.155481,
        -0.168091
      ],
      "intercept": -0.499921,
      "cv_accuracy": 0.915,
      "n_train": 200,
      "genre_detection_precision": 0.871
    },
    "post_impressionism": {
      "mean": [
        22.465,
        0.356868,
        0.492408,
        0.454022,
        0.161408,
        0.808752,
        0.617525,
        0.182286,
        0.389583
      ],
      "scale": [
        9.67878,
        0.202322,
        0.056571,
        0.100754,
        0.039765,
        0.045503,
        0.089784,
        0.068417,
        0.202458
      ],
      "coef": [
        1.134697,
        -0.310253,
        -0.23833,
        -0.529391,
        0.425352,
        1.08379,
        -1.389241,
        0.728704,
        -0.562749
      ],
      "intercept": -0.18564,
      "cv_accuracy": 0.82,
      "n_train": 200,
      "genre_detection_precision": 0.091
    },
    "realism": {
      "mean": [
        12.31,
        0.242529,
        0.483903,
        0.504593,
        0.145521,
        0.820162,
        0.674315,
        0.073456,
        0.593973
      ],
      "scale": [
        5.312617,
        0.151884,
        0.09508,
        0.10628,
        0.045885,
        0.055857,
        0.105281,
        0.055991,
        0.168731
      ],
      "coef": [
        0.578809,
        0.320554,
        -0.2897,
        0.044682,
        0.062009,
        0.1401,
        -1.944771,
        -3.062772,
        0.21846
      ],
      "intercept": -0.310031,
      "cv_accuracy": 0.85,
      "n_train": 200,
      "genre_detection_precision": 0.714
    },
    "expressionism": {
      "mean": [
        18.415,
        0.265348,
        0.504755,
        0.4869,
        0.157706,
        0.799884,
        0.601523,
        0.150398,
        0.48919
      ],
      "scale": [
        7.568538,
        0.178874,
        0.07294,
        0.103585,
        0.040532,
        0.056427,
        0.106597,
        0.055854,
        0.208354
      ],
      "coef": [
        0.543703,
        -0.143584,
        -0.061814,
        -0.001132,
        -0.019572,
        1.280387,
        -3.769229,
        -1.437792,
        -0.556718
      ],
      "intercept": -0.223845,
      "cv_accuracy": 0.87,
      "n_train": 200,
      "genre_detection_precision": 0.833
    }
  }
}